community_id,size,cooperation_rate,mean_payoff,normalized_mean_payoff,external_cooperation_probability,external_action,external_payoff
0,54,0.12962962962962962,0.8592592592592594,0.8230414389270073,0.3376531724188429,0,0.0
1,89,0.11235955056179775,0.7865168539325843,0.696657959966602,0.287649073383239,1,0.0
2,83,0.060240963855421686,0.38554216867469876,0.0,0.04216867469879518,0,1.5
3,72,0.08333333333333333,0.5666666666666667,0.31468775439004537,0.15273965965034694,0,0.0
4,72,0.1388888888888889,0.9611111111111111,1.0,0.3972222222222222,0,0.0
