community_id,size,cooperation_rate,mean_payoff
0,54,0.6481481481481481,5.074074074074074
1,89,0.5393258426966292,4.584269662921348
2,83,0.5421686746987951,4.506024096385542
3,72,0.625,5.333333333333333
4,72,0.6944444444444444,5.305555555555555
