community_id,size,cooperation_rate,mean_payoff
0,54,0.12962962962962962,0.8592592592592594
1,89,0.11235955056179775,0.7865168539325843
2,83,0.060240963855421686,0.38554216867469876
3,72,0.08333333333333333,0.5666666666666667
4,72,0.1388888888888889,0.9611111111111111
